ID,Name,Test1,Test2,Test3
201,Michael White,53,57,62
202,Daniel Young,56,92,77
203,Emily Davis,94,55,56
204,Sarah Green,83,56,90
205,Isabella Allen,63,62,69
206,Alice Brown,96,99,93
207,Daniel Young,51,97,86
208,Emma Wilson,86,69,75
209,Jane Smith,84,95,52
210,Tom Clark,82,89,68
211,David Black,84,97,57
212,Ethan Hall,61,64,86
213,Emma Wilson,55,74,63
214,Isabella Allen,77,62,79
215,Isabella Allen,91,69,73
216,Ethan Hall,83,93,52
217,Isabella Allen,72,51,60
218,Olivia Turner,56,86,95
219,Ava Lewis,54,75,52
220,Olivia Turner,67,77,75
221,Ava Lewis,98,67,100
222,Charlotte King,59,89,63
223,Isabella Allen,77,87,82
224,Ethan Hall,86,92,53
225,David Black,59,61,77
226,Michael White,66,62,63
227,Olivia Turner,75,54,79
228,Michael White,67,86,91
229,Sarah Green,73,59,64
230,Sarah Green,66,65,100
231,Ethan Hall,96,66,98
232,Bob Johnson,81,93,91
233,Bob Johnson,92,85,84
234,Ava Lewis,74,68,99
235,Tom Clark,61,70,57
236,James Baker,63,59,77
237,David Black,95,80,87
238,Michael White,54,64,95
239,Jane Smith,72,82,60
240,Emily Davis,51,87,67
241,Emily Davis,54,85,96
242,Olivia Turner,95,63,52
243,Matthew Scott,94,89,70
244,Olivia Turner,76,82,80
245,Isabella Allen,60,96,62
246,Sophia Adams,92,70,75
247,Daniel Young,56,86,99
248,Sophia Adams,70,63,96
249,Michael White,62,97,51
250,Emily Davis,69,64,66
251,Charlotte King,60,94,60
252,Michael White,97,67,85
253,David Black,70,88,92
254,Olivia Turner,71,54,88
255,Emily Davis,67,81,92
256,Mason Wright,92,85,65
257,Sarah Green,60,80,50
258,Charlotte King,100,54,68
259,Alice Brown,82,62,88
260,Sarah Green,89,96,56
261,Sarah Green,73,85,92
262,Emily Davis,73,67,97
263,James Baker,77,75,70
264,Emma Wilson,71,63,77
265,Isabella Allen,70,73,62
266,Michael White,53,61,56
267,Tom Clark,75,68,61
268,James Baker,96,79,56
269,Daniel Young,63,53,78
270,Charlotte King,63,55,56
271,Mason Wright,97,65,70
272,Ethan Hall,95,57,77
273,Sarah Green,55,84,66
274,Daniel Young,81,100,69
275,Olivia Turner,78,56,86
276,Michael White,61,62,85
277,John Doe,50,73,75
278,Mason Wright,98,60,88
279,Emma Wilson,74,73,88
280,Sarah Green,55,50,65
281,Mason Wright,97,50,72
282,Alice Brown,53,98,86
283,John Doe,58,88,58
284,Ava Lewis,66,94,94
285,Olivia Turner,85,70,100
286,John Doe,64,92,98
287,Daniel Young,62,81,77
288,Bob Johnson,66,85,50
289,Michael White,72,93,61
290,James Baker,93,79,54
291,Matthew Scott,60,68,85
292,Matthew Scott,55,56,82
293,Bob Johnson,77,61,86
294,Emily Davis,65,100,65
295,Sophia Adams,94,82,69
296,Olivia Turner,59,97,56
297,Emma Wilson,60,90,69
298,Ava Lewis,94,53,62
299,Mason Wright,89,75,77
300,Alice Brown,75,64,71
